ID,first name,second name,email,ui_lang,ui_settings,employee_account,access_rights,logon_status,logon_last_modif
1,Carolyn,Ball,carolyn.ball131@gmail.com,it,default,False,complete access,2,1620839376.406754
2,Barbara,Young,barbara.young159@gmail.com,es,default,False,complete access,2,1620839376.406754
3,Samantha,Atkinson,samantha.atkinson771@gmail.com,en,default,False,complete access,2,1620839376.406754
4,Jack,Green,jack.green304@gmail.com,vi,default,True,complete access,2,1620839376.406754
5,Brandon,Taylor,brandon.taylor623@gmail.com,vi,default,False,complete access,2,1620839376.406754
6,Nancy,Booth,nancy.booth178@gmail.com,en,default,True,complete access,2,1620839376.406754
7,Ruth,Barnes,ruth.barnes311@gmail.com,zh,default,False,complete access,2,1620839376.406754
8,Linda,Butler,linda.butler250@gmail.com,sk,default,False,complete access,2,1620839376.406754
9,Debra,Chapman,debra.chapman743@gmail.com,es,default,True,complete access,2,1620839376.406754
10,Catherine,Johnson,catherine.johnson276@gmail.com,nl,default,True,complete access,2,1620839376.406754
11,Debra,Evans,debra.evans235@gmail.com,mn,default,True,complete access,2,1620839376.406754
12,Alexander,Cooper,alexander.cooper931@gmail.com,en,default,False,complete access,2,1620839376.406754
13,Joseph,Robinson,joseph.robinson2@gmail.com,vi,default,True,complete access,2,1620839376.406754
14,Melissa,Clarke,melissa.clarke784@gmail.com,sk,default,True,complete access,2,1620839376.406754
15,Christine,Barnes,christine.barnes526@gmail.com,pt,default,True,complete access,2,1620839376.406754
16,Barbara,Edwards,barbara.edwards19@gmail.com,en,default,False,complete access,2,1620839376.406754
17,Lisa,Lewis,lisa.lewis20@gmail.com,ro,default,False,complete access,2,1620839376.406754
18,James,Evans,james.evans969@gmail.com,zh,default,True,complete access,2,1620839376.406754
19,Michael,Young,michael.young125@gmail.com,ja,default,True,complete access,2,1620839376.406754
20,Mary,Brooks,mary.brooks467@gmail.com,cz,default,False,complete access,2,1620839376.406754
21,Linda,Davis,linda.davis572@gmail.com,cz,default,False,complete access,2,1620839376.406754
22,Jeffrey,Clark,jeffrey.clark165@gmail.com,mn,default,False,complete access,2,1620839376.406754
23,Nancy,Martin,nancy.martin159@gmail.com,pt,default,True,complete access,2,1620839376.406754
24,Sandra,Barker,sandra.barker479@gmail.com,tr,default,False,complete access,2,1620839376.406754
25,Samantha,Brown,samantha.brown623@gmail.com,fr,default,True,complete access,2,1620839376.406754
26,Gregory,Smith,gregory.smith346@gmail.com,es,default,True,complete access,2,1620839376.406754
27,Susan,Martin,susan.martin837@gmail.com,ja,default,True,complete access,2,1620839376.406754
28,Barbara,Young,barbara.young682@gmail.com,ru,default,False,complete access,2,1620839376.406754
29,Virginia,Brown,virginia.brown142@gmail.com,ro,default,True,complete access,2,1620839376.406754
30,Emma,Edwards,emma.edwards885@gmail.com,es,default,False,complete access,2,1620839376.406754
31,Gregory,Wright,gregory.wright973@gmail.com,cz,default,True,complete access,2,1620839376.406754
32,Patricia,Bennett,patricia.bennett759@gmail.com,mn,default,False,complete access,2,1620839376.406754
33,Linda,Jones,linda.jones104@gmail.com,nl,default,True,complete access,2,1620839376.406754
34,Katherine,Allen,katherine.allen959@gmail.com,nl,default,False,complete access,2,1620839376.406754
35,William,Green,william.green157@gmail.com,hu,default,True,complete access,2,1620839376.406754
36,Emma,Williams,emma.williams828@gmail.com,sk,default,False,complete access,2,1620839376.406754
37,Steven,Green,steven.green372@gmail.com,de,default,False,complete access,2,1620839376.406754
38,Joshua,Edwards,joshua.edwards454@gmail.com,uk,default,False,complete access,2,1620839376.406754
39,Deborah,Johnson,deborah.johnson34@gmail.com,en,default,False,complete access,2,1620839376.406754
40,Cynthia,Roberts,cynthia.roberts840@gmail.com,fr,default,False,complete access,2,1620839376.406754
41,Thomas,Davis,thomas.davis915@gmail.com,it,default,False,complete access,2,1620839376.406754
42,Brian,Wright,brian.wright392@gmail.com,nl,default,True,complete access,2,1620839376.406754
43,Elizabeth,Hall,elizabeth.hall671@gmail.com,zh,default,True,complete access,2,1620839376.406754
44,Deborah,Phillips,deborah.phillips981@gmail.com,cz,default,True,complete access,2,1620839376.406754
45,David,Armstrong,david.armstrong249@gmail.com,mn,default,True,complete access,2,1620839376.406754
46,Jeffrey,Lewis,jeffrey.lewis126@gmail.com,mn,default,True,complete access,2,1620839376.406754
47,Nancy,Butler,nancy.butler537@gmail.com,km,default,False,complete access,2,1620839376.406754
48,David,Wright,david.wright296@gmail.com,uk,default,True,complete access,2,1620839376.406754
49,Rachel,Collins,rachel.collins446@gmail.com,uk,default,False,complete access,2,1620839376.406754
50,Elizabeth,Davies,elizabeth.davies278@gmail.com,zh,default,True,complete access,2,1620839376.406754
51,Lisa,Brooks,lisa.brooks703@gmail.com,sk,default,False,complete access,2,1620839376.406754
52,Thomas,Bailey,thomas.bailey569@gmail.com,uk,default,False,complete access,2,1620839376.406754
53,Patrick,Young,patrick.young753@gmail.com,pt,default,False,complete access,2,1620839376.406754
54,Joseph,Smith,joseph.smith388@gmail.com,pl,default,True,complete access,2,1620839376.406754
55,Tyler,Armstrong,tyler.armstrong473@gmail.com,de,default,True,complete access,2,1620839376.406754
56,Sandra,Bailey,sandra.bailey345@gmail.com,nl,default,False,complete access,2,1620839376.406754
57,Matthew,Taylor,matthew.taylor97@gmail.com,cz,default,False,complete access,2,1620839376.406754
58,Brian,Smith,brian.smith282@gmail.com,de,default,True,complete access,2,1620839376.406754
59,Deborah,Lewis,deborah.lewis811@gmail.com,zh,default,False,complete access,2,1620839376.406754
60,Matthew,Robinson,matthew.robinson230@gmail.com,nl,default,True,complete access,2,1620839376.406754
61,Emma,Collins,emma.collins433@gmail.com,zh,default,False,complete access,2,1620839376.406754
62,Matthew,Taylor,matthew.taylor906@gmail.com,pl,default,False,complete access,2,1620839376.406754
63,Catherine,Booth,catherine.booth357@gmail.com,km,default,True,complete access,2,1620839376.406754
64,Jennifer,Baker,jennifer.baker639@gmail.com,km,default,True,complete access,2,1620839376.406754
65,Debra,Booth,debra.booth944@gmail.com,pt,default,True,complete access,2,1620839376.406754
66,Sandra,Allen,sandra.allen778@gmail.com,vi,default,True,complete access,2,1620839376.406754
67,Mary,Phillips,mary.phillips658@gmail.com,fr,default,False,complete access,2,1620839376.406754
68,Joshua,Lewis,joshua.lewis362@gmail.com,cz,default,False,complete access,2,1620839376.406754
69,Christine,Corbyn,christine.corbyn496@gmail.com,de,default,True,complete access,2,1620839376.406754
70,Christine,Green,christine.green437@gmail.com,es,default,False,complete access,2,1620839376.406754
71,Deborah,Bennett,deborah.bennett458@gmail.com,pl,default,False,complete access,2,1620839376.406754
72,Christine,Hill,christine.hill538@gmail.com,pt,default,False,complete access,2,1620839376.406754
73,Richard,Cook,richard.cook303@gmail.com,cz,default,False,complete access,2,1620839376.406754
74,Matthew,Collins,matthew.collins754@gmail.com,nl,default,False,complete access,2,1620839376.406754
75,Gregory,Cooper,gregory.cooper901@gmail.com,pl,default,True,complete access,2,1620839376.406754
76,Sandra,Taylor,sandra.taylor409@gmail.com,nl,default,True,complete access,2,1620839376.406754
77,Nancy,Harris,nancy.harris44@gmail.com,mn,default,False,complete access,2,1620839376.406754
78,Virginia,Barker,virginia.barker902@gmail.com,vi,default,False,complete access,2,1620839376.406754
79,Richard,Roberts,richard.roberts970@gmail.com,sk,default,False,complete access,2,1620839376.406754
80,Matthew,Clark,matthew.clark664@gmail.com,pt,default,False,complete access,2,1620839376.406754
81,Thomas,Ball,thomas.ball291@gmail.com,nl,default,True,complete access,2,1620839376.406754
82,Barbara,Edwards,barbara.edwards43@gmail.com,de,default,True,complete access,2,1620839376.406754
83,Rachel,Hall,rachel.hall552@gmail.com,it,default,False,complete access,2,1620839376.406754
84,Mary,Edwards,mary.edwards444@gmail.com,fr,default,True,complete access,2,1620839376.406754
85,Debra,Bailey,debra.bailey263@gmail.com,hu,default,False,complete access,2,1620839376.406754
86,Mary,Lewis,mary.lewis736@gmail.com,nl,default,True,complete access,2,1620839376.406754
87,Virginia,Cook,virginia.cook207@gmail.com,es,default,False,complete access,2,1620839376.406754
88,Elizabeth,Davies,elizabeth.davies670@gmail.com,zh,default,True,complete access,2,1620839376.406754
89,Robert,Collins,robert.collins86@gmail.com,ru,default,False,complete access,2,1620839376.406754
90,Richard,Baker,richard.baker599@gmail.com,fr,default,True,complete access,2,1620839376.406754
91,Linda,Hall,linda.hall501@gmail.com,ja,default,True,complete access,2,1620839376.406754
92,Frank,Green,frank.green667@gmail.com,fr,default,False,complete access,2,1620839376.406754
93,Benjamin,Cook,benjamin.cook845@gmail.com,uk,default,True,complete access,2,1620839376.406754
94,Alexander,Clarke,alexander.clarke55@gmail.com,de,default,True,complete access,2,1620839376.406754
95,David,Clark,david.clark902@gmail.com,ro,default,False,complete access,2,1620839376.406754
96,Robert,Young,robert.young176@gmail.com,pl,default,False,complete access,2,1620839376.406754
97,Jennifer,Cook,jennifer.cook822@gmail.com,uk,default,False,complete access,2,1620839376.406754
98,Rachel,Clarke,rachel.clarke261@gmail.com,ja,default,True,complete access,2,1620839376.406754
99,Melissa,Atkinson,melissa.atkinson941@gmail.com,es,default,False,complete access,2,1620839376.406754
100,Matthew,Young,matthew.young160@gmail.com,ro,default,True,complete access,2,1620839376.406754
